Product,Description,Conseils,Categories,Link
CB3 DÉFENSE HOMME,"Les bienfaits : HUILE SÈCHE PAILLETÉE, est un produit hydratant et nourrissant qui peut être utilisé sur le corps, les cheveux et le visage. Elle contient de l’huile de macadamia, qui est connue pour ses propriétés curatives. Le produit a une texture légère qui glisse facilement sur la peau et les cheveux. Il donne également à votre corps et à vos cheveux un fini scintillant pendant l’exposition au soleil ainsi qu’ en après le soleil pour réparer l’épiderme et rehausser la peau d’un voile irisé.",,"Cosmétologie médicale, Protection solaire",https://xenlaboratoires.com/product/cb3-defense-homme/
KELA MAG,"Les bienfaits : KELA MAG est une nouvelle génération de magnésium. Il se présente sous la forme de boîtes de 30 gélules de chélate d’acide aminé enrichi avec le Vitamine B6, ce qui offre une meilleure absorption et une meilleure tolérance digestive et de bénéficier plus efficacement des bienfaits du magnésium. KELA MAG contient également de la vitamine B6 qui coopère avec le magnésium dans les réactions enzymatiques, ce qui favorise une meilleure gestion du stress, de l’anxiété et de la fatigue. La vitamine B6 joue un rôle dans la synthèse de certains anticorps et de l’hémoglobine et aussi dans la synthèse de certains neurotransmetteurs en situation de stress : noradrénaline, dopamine. En plus d’apporter tous ces bienfaits, KELA MAG contribue à améliorer la santé des os et des dents, ainsi qu’à réguler la pression sanguine et le rythme cardiaque.",,"Compléments alimentaires, Neurologie, Vitamines et minéraux",https://xenlaboratoires.com/product/kela-mag/
Hivrex Sirop,"Les bienfaits : Hivrex sirop est un dispositive médicale préconisé pour calmer et apaiser la toux (sèche, grasse, allergique, irritative) et jouer le rôle de mucorégulateur. L’ensemble des actifs présents agissent par plusieurs mécanismes au niveau de la gorge. Une action mécanique qui tapisse la muqueuse, ce qui permet d’apaiser et calmer les irritations et une action émolliente, mucorégulatrice et calmante sur l’hyperactivité bronchique.",,Dispositifs médicaux,https://xenlaboratoires.com/product/hivrex-sirop/
HIVREX,"Les bienfaits : Le complément alimentaire HIVREX contient une combinaison d’ingrédients naturels qui aident à renforcer votre système immunitaire. Hivrex est composé de divers ingrédients actifs, dont notamment : – La vitamine C : Elle améliore le système immunitaire et ses propriétés antioxydantes protègent l’organisme contre les radicaux libres. – Le sureau noir : bénéfique contre les infections et d’inflammations des voies respiratoires, – La Echinacea purpurea (Echinacée) : Elle a des propriétés anti-inflammatoires et antibactériennes.",,"Compléments alimentaires, Pédiatrie",https://xenlaboratoires.com/product/hivrex/
KELA VIT ALLAITEMENT,"Les bienfaits : KELA VIT allaitement est un complément alimentaire destiné aux femmes qui allaitent. Il aide à stimuler la sécrétion de lait, et complète également l’alimentation en vitamines, en minéraux et autres nutriments importants. L’extrait d’anis vert est traditionnellement utilisé pour favoriser la sécrétion du lait. La spiruline est une algue marine riche en protéines et en antioxydants, deux éléments essentiels dans la période qui suit la grossesse. Les principaux ingrédients actifs sont la vitamine B6, la vitamine C, le calcium, le magnésium, le fer et le zinc.",,"Compléments alimentaires, Gynécologie, Vitamines et minéraux",https://xenlaboratoires.com/product/kela-vit-allaitement/
Ultra germina B15,"Les bienfaits : Le complément alimentaire « Notice Gastro germina » est composé de lactobacillus Reuteri, d’extrait de racine de pissenlit et de lithothamne. Il est disponible en deux présentations: boîte de 7 gélules et boîte de 15 gélules. Ce produit est utile pour améliorer l’équilibre du microbiote gastro-intestinal, régulariser l’acidité gastrique, soulager les troubles digestifs aigus et équilibrer la flore intestinale perturbée. Il est recommandé de prendre une gélule par jour, de préférence au moment des repas, pendant 7 à 15 jours.",,"Compléments alimentaires, Gastrologie",https://xenlaboratoires.com/product/ultra-germina-b15/
Lumi-R Eclat  SPF 40,"Les bienfaits : Lumi-R Eclat est la solution qui vous aidera à obtenir une peau durablement nette. Lumi-R Eclat unifie et illumine votre teint, tout en aidant à éliminer les taches brunes et en prévenant leur réapparition. Lumi-R Eclat est spécialement formulé pour soigner les peaux les plus sensibles, vous pouvez donc lui faire confiance quel que soit le type de votre peau. Innovation Sederma, le brevet LUMISPHERE ralentit puissamment la production de mélanine BACOLAMINE anti-oxydante et réduit la mélanine déjà oxydée en l’éclaircissant. Le Venuceane, puissant anti-oxydant activé par la lumière et la chaleur, limite la production de mélanine et la stimulation des mélanocytes, et protège des dommages causés par les UV. Enfin, les filtres anti UVA-UVB SPF 40 protègent et préviennent les dommages causés par le soleil.",,"Cosmétologie médicale, Hyperpigmentation",https://xenlaboratoires.com/product/lumi-r-eclat-spf-40/
KELA CAL SID,"Les bienfaits : KELA CAL SID est un complément alimentaire chélaté en calcium, vitamine D3 et silicium organique, à utiliser en cas de supplémentation en calcium. Utilisez KELA CAL SID en cas de déséquilibre acido-basique en association avec d’autres produits de notre gamme. KELA CAL SID ne doit être utilisé par les adultes que dans le cadre d’un régime alimentaire approprié, d’un mode de vie sain et sous la surveillance d’un médecin.",,"Compléments alimentaires, Vitamines et minéraux",https://xenlaboratoires.com/product/kela-cal-sid/
Gastro germina B7,"Les bienfaits : COMPOSITION : Compositions Quantité Lactobacillus Reuteri 20.10 9 UFC Extrait de racine de Pissenlit 250 mg Lithothamne 60 mg PRESENTATION : Ce produit est disponible sous 2 présentations: Boite de 7 gélules Boite de 15 gélules DANS QUELS CAS UTILISER CE COMPLEMENT ALIMENTAIRE ? Ce complément alimentaire est indiqué pour : – Améliorer l’équilibre du microbiote gastro-intestinal – Régulariser l’acidité gastrique – Soulager les troubles digestifs aigus – Equilibrer la flore intestinale perturbée par une antibiothérapie ou tout autre traitement médicamenteux UTILISATION ET POSOLOGIE : – 1 gélule par jour, le matin, à prendre de préférence au moment des repas ou selon les recommandations de votre professionnel de santé – Cure de 7 à 15 jours à renouveler si nécessaire",,"Compléments alimentaires, Gastrologie",https://xenlaboratoires.com/product/gastro-germina-b7/
ADOLOR FORT B30/B60,"Les bienfaits : ADOLOR Fort est une gélule à base de plantes (Harpagophtum) utilisée dans le traitement de l’arthrose, des douleurs articulaires, musculaires et tendineuses. La synergie des principes actifs est à l’origine des propriétés anti-inflammatoires et des propriétés analgésiques de l’Harpagophytum. ADOLOR Fort gélule est un anti-inflammatoire, son efficacité le rend particulièrement utile pour les personnes âgées ou affaiblies par de multiples traitements médicamenteux.",,"Compléments alimentaires, Orthopédie",https://xenlaboratoires.com/product/adolor-fort-b30-b60/
KELA ZINC FORT,"Les bienfaits : KELA ZINC FORT est une combinaison de Zinc, Vitamine C, Vitamine D3 et Sélénium dans un seul produit. Ce complément aide à renforcer le système immunitaire, à prévenir les problèmes articulaires et à améliorer les performances physiques. Zinc Fort est un complément spécialement formulé qui apporte les avantages nutritionnels du zinc, de la vitamine C, vitamine D3 et du sélénium. KELA ZINC FORT est particulièrement recommandé en cas d’échec de la supplémentation, en cas de carence ou pour contribuer au maintien de la santé de la peau et des muqueuses, des ongles, des cheveux et de la structure osseuse, ainsi qu’au bon fonctionnement des cellules du système immunitaire acquis et inné.",,"Compléments alimentaires, Immunité",https://xenlaboratoires.com/product/kela-zinc-fort/
KELA PLEX FORT,"Les bienfaits : KELA PLEX FORT est un complément alimentaire contenant du bisglycinate de magnésium, de l’uridine monophosphate, de la vitamine B1, de la vitamine B6, de la vitamine B9 et de la vitamine B12. Ce produit est spécifiquement indiqué pour le soulagement des douleurs musculaires au niveau du dos, du cou, des lombaires et d’autres circonstances spécifiques (entraînement fréquent et exercice physique intense).",,"Compléments alimentaires, Orthopédie",https://xenlaboratoires.com/product/kela-plex-fort/
Lumi R écran teinté,"Les bienfaits : L’écran teinté Lumi-R 50+ est un produit de protection solaire à large spectre qui offre une haute protection contre les rayons UV. Il est spécialement formulé pour les peaux sujettes à l’hyperpigmentation, ainsi que pour les peaux traitées par laser ou peeling. Ce produit est conçu pour aider à prévenir la formation de taches brunes et de mélanome grâce à son système filtrant UVA/UVB à large spectre et photostable, qui assure une protection efficace contre les rayons UV qui peuvent causer des dommages à la peau. De plus, sa formule contenant du BACOCALMINE antioxydant réduit la mélanine déjà oxydée en l’éclaircissant, tandis que le VENUCEANE activé par la lumière et la chaleur limite la stimulation du mélanocyte et protège contre les dommages des UV.",,"Cosmétologie médicale, Peaux grasses, Protection solaire",https://xenlaboratoires.com/product/lumi-r-ecran-teinte/
VEINOR 1000,"Les bienfaits : Le complément alimentaire VEINOR 1000 est une combinaison d’ingrédients qui procurent à l’organisme de puissants effets anti-inflammatoires et antispasmodiques dans le but de faciliter la circulation veineuse. Ce produit est une combinaison de 5 ingrédients actifs issus de plantes connues pour leurs bienfaits sur la circulation et la santé veineuse. En combinant les 5 principes actifs de chaque plante, la circulation sanguine et la santé veineuse seront maintenues et leur développement sera optimal. En outre, ce complément alimentaire contient des hétérosides, dont il a été démontré qu’ils ont un effet anti-inflammatoire sur le corps. Également de la vitamine C et de l’arginine, qui peuvent contribuer à améliorer la circulation sanguine.",,"Compléments alimentaires, Crise hémorroïdaire",https://xenlaboratoires.com/product/veinor-1000/
Masque Kératin Q10,"Les bienfaits : Le Masque Kératin Q10 est un soin de qualité supérieure, spécialement conçu pour nourrir, réparer et améliorer l’effet lissant des cheveux. Il facilite également le démêlage des cheveux secs, abîmés, cassants, difficiles à coiffer et exposés à de multiples agressions telles que le brushing, les lavages, la coloration et les séchages. La formule de ce masque est élaborée à partir d’un mélange de plusieurs ingrédients bio-actifs tels que la kératine végétale, le beurre de karité, l’huile de pépins de raisin, l’huile de macadamia et le coenzyme Q10. Ces ingrédients agissent en synergie pour offrir des résultats exceptionnels. Les résultats de l’utilisation du Masque Kératin Q10 sont nombreux et remarquables. Il rend les fibres capillaires lisses et souples, tout en nourrissant, réparant et renforçant les cheveux. Il protège également la chevelure des agressions extérieures, la rendant ainsi plus dense, sublimée et brillante.",,"Cheveux sec abîmés, Cosmétologie médicale",https://xenlaboratoires.com/product/masque-keratin-q10/
VEINOR Crème,"Les bienfaits : VEINOR CRÈME contient des extraits de plantes, des vitamines et des minéraux qui sont censés aider à améliorer la circulation sanguine et à réduire les symptômes des problèmes veineux tels que les varices, les jambes lourdes, les hématomes et les pieds gonflés. Les ingrédients actifs de la crème Veinor comprennent notamment de l’extrait de marron d’Inde, de l’extrait de vigne rouge, de l’hamamélis, du menthol et de la vitamine E. Sa texture en crème ne colle pas, permettant d’être utilisé avec des bas ou collants de contention.",,"Cardiovasculaire, Compléments alimentaires",https://xenlaboratoires.com/product/veinor-creme/
Lumi-R dépigmentant,"Les bienfaits : Si vous cherchez un moyen de vous débarrasser des taches brunes et des imperfections cutanés, Lumi-R Dépigmentant est la solution idéale pour vous. Ce produit est une combinaison exclusive de trois principes actifs complémentaires : Wonderlight associé au Melsahow, Vit C photostable, agissent au cœur de la cellule sur l’enzyme clé de la synthèse de la mélanine, et au niveau extra cellulaire en induisant l’apoptose du mélanocyte et en limitant la propagation de la mélanine dans l’épiderme. Aussi, le Leratoline à action kératolytique, facilite l’élimination du pigment épidermique et optimise la pénétration de Wonderlight et de la Vit C dans la peau. Ainsi, Lumi-R Dépigmentant agit à la fois au niveau intra et extra cellulaire, pour une efficacité renforcée contre les taches brunes liées au photo vieillissement (lentigos), aux variations hormonales (masque de grossesse) ou réactionnelles (photosensibilisation par les médicaments, cicatrices).",,"Cosmétologie médicale, Hyperpigmentation",https://xenlaboratoires.com/product/lumi-r-depigmentant/
Huile sèche pailletée,"Les bienfaits : HUILE SÈCHE PAILLETÉE, est un produit hydratant et nourrissant qui peut être utilisé sur le corps, les cheveux et le visage. Elle contient de l’huile de macadamia, qui est connue pour ses propriétés curatives. Le produit a une texture légère qui glisse facilement sur la peau et les cheveux. Il donne également à votre corps et à vos cheveux un fini scintillant pendant l’exposition au soleil ainsi qu’après le soleil pour réparer l’épiderme et rehausser la peau d’un voile irisé.",,"Cosmétologie médicale, Protection solaire",https://xenlaboratoires.com/product/huile-seche-pailletee/
CB3 ÉCRAN SOLAIRE PEAUX MIXTES-GRASSES,"Les bienfaits : Le CB3 Defense peau mixte + grasse est un écran solaire riche en vitamines et antioxydants conçu pour la prise en charge du photo vieillissement et les dommages causés par la pollution. En plus de protéger contre les rayons nocifs du soleil, cet écran solaire hydrate intensément la peau et rééquilibre le teint irrégulier tout en luttant contre l’hyperpigmentation. Voici les trois principaux avantages que le CB3 Defense écran solaire peaux mixte+grasse  offre pour votre peau : Protection solaire avancée Le CB3 Defense Écran est une protection solaire à large spectre qui protège la peau contre les rayons UVA et UVB. Sa formulation à base de vitamines C, B3, E, F et de Coenzyme Q10 ralentit l’oxydation des cellules, réduit les signes de vieillissement prématuré et régénère la peau pour une apparence plus saine et plus jeune. Hydratation intense Le CB3 Defense Écran offre une hydratation intense et une protection solaire contre les rayons nocifs du soleil. Sa formule légère et non grasse pénètre rapidement dans la peau pour une hydratation instantanée, sans résidu gras. Cet écran solaire peau mixte et grasse nourrit et protège votre peau pour une apparence saine et rayonnante. Formule Hypoallergénique, Non Comédogène et Adaptée aux Peaux Sensibles Le CB3 Defense Écran solaire convient aux peaux sensibles grâce à sa formule hypoallergénique et non comédogène. Résistant à l’eau et à la transpiration, il offre une protection longue tenue pour les activités en extérieur et est également idéal comme base de maquillage pour une application facile et uniforme.",,"Cosmétologie médicale, Protection solaire",https://xenlaboratoires.com/product/cb3-ecran-solaire-peaux-mixtes-grasses/
Kératin Q10 huileuse – Lotion,"Les bienfaits : La lotion réparatrice pour longueurs et pointes Kératin Q10 est un produit de soin capillaire spécialement formulé pour nourrir et réparer les cheveux matures, abîmés ou fragilisés par des traitements dermatologiques asséchants. Cette lotion contient des actifs innovants tels que la coenzyme Q10, la kératine végétale et la kératine Q10 qui stimulent la racine des cheveux pour activer la production de deux types de kératine qui diminuent avec le temps. Cette lotion pour cheveux répare les longueurs et les pointes abîmées tout en lissant la fibre capillaire et en prévenant les frisottis. Elle améliore également le volume, la brillance et la tenue capillaire pour des cheveux en meilleure santé et plus beaux.",,"Cheveux sec abîmés, Cosmétologie médicale",https://xenlaboratoires.com/product/keratin-q10-huileuse-lotion/
CICA XEN,"Crème cicatrisante sans parfum, à l’acide hyaluronique et actifs anti-inflammatoires .",,Cosmétologie médicale,https://xenlaboratoires.com/product/cica-xen/
CB3 Mousse micellaire homme,"Les bienfaits : CB3 DEFENSE Mousse Micellaire pour homme est un produit de nettoyage de la peau qui offre une expérience de nettoyage rafraîchissante et onctueuse. La mousse nettoyante CB3 DEFENSE est conçue pour offrir un jeu de textures étonnant. Elle combine la légèreté d’une mousse nettoyante, l’onctuosité d’une crème et la fraîcheur de l’eau pour donner à la peau une expérience de nettoyage unique. La formule sans savon permet un nettoyage en douceur sans agresser la peau. En plus de nettoyer en profondeur, cette mousse nettoyante pour homme contient des actifs émollients, kératoréducteurs et anti-inflammatoires qui préparent la peau au rasage et facilitent la sortie des poils incarnés. La formule est enrichie en niacinamide, vitamine C stabilisée, coenzyme Q10, céramide et extrait d’Aloe Vera pour nourrir la peau en profondeur.",,"Cosmétologie médicale, Peaux séches",https://xenlaboratoires.com/product/cb3-mousse-micellaire-homme/
Kela Fer Sirop Lipo,"Les bienfaits : Kela Fer Sirop Lipo est un complément alimentaire à base de fer liposomale qui a été microencapsulé pour améliorer son absorption, limiter les effets indésirables (maux de ventre, constipation…). Il est recommandé pour les enfants, les adolescents et les adultes. Les personnes ayants une carence en fer",,"Compléments alimentaires, Pédiatrie",https://xenlaboratoires.com/product/kela-fer-sirop-lipo/
CB3 Mousse micellaire-peau mixtes à grasse,"Les bienfaits : Découvrez la Mousse Micellaire Nettoyante CB3 Défense, la solution parfaite pour nettoyer votre peau en douceur, tout en prenant soin de sa santé et de son éclat. Le secret de cette mousse micellaire réside dans son jeu de textures étonnant, combinant la légèreté d’une mousse nettoyante, l’onctuosité d’une crème et la fraîcheur de l’eau. Sa texture mousse onctueuse laisse la peau parfaitement nette, fraîche et douce. La Mousse Micellaire Nettoyante CB3 Défense est composée d’ingrédients soigneusement sélectionnés pour prendre soin de votre peau, tels que l’eau, le magnésium laureth sulfate, le disodium laureth sulfosuccinate, le cocoamphoacetate, le sucrose cocoate, le coco-glucoside, l’EDTA, la niacinamide, la vitamine C stabilisée, le coenzyme Q10, le céramide, le chlorure de sodium, l’extrait d’aloe vera, la MIT/CMIT et le parfum. La vitamine C stabilisée et le coenzyme Q10 sont des antioxydants puissants qui aident à protéger votre peau contre les dommages des radicaux libres, tandis que l’extrait d’aloe vera et le céramide hydratent et apaisent votre peau. La niacinamide aide à réduire l’apparence des pores, tandis que la MIT/CMIT aide à préserver la fraîcheur de la mousse.",,"Cosmétologie médicale, Peaux grasses",https://xenlaboratoires.com/product/cb3-mousse-micellaire-peau-mixtes-a-grasse/
HYDRA 24 Rich Cream,"Les bienfaits : HYDRA 24, Crème riche est une crème hydratante intensément nourrissante pour les peaux sensibles, sèches ou très sèches. Elle est formulée avec un mélange puissant d’agents hydratants, de filtres solaires et d’un complexe multivitaminé pour protéger la peau des agressions extérieures et des effets néfastes des rayons UV. Les ingrédients clés incluent LIPEXEL, qui aide à restaurer le film lipidique naturel de la peau pour ralentir l’évaporation de l’eau. UREE PURE possède des propriétés hydratantes intenses et facilite le renouvellement des cellules de la peau. MOIST 24 hydrate la peau tout au long de la journée, tandis que HYDRAPROTECTOL assure une hydratation immédiate des couches superficielles et en profondeur en renforçant la barrière cutanée. PACIFEEL aide à hydrater la peau et à soulager les sensations d’inconfort telles que les démangeaisons et les picotements. Enfin, le complexe multivitaminé (vitamines A, E, F et provitamine B5) hydrate la peau, possède des propriétés anti-inflammatoires et apaisantes, accélère la cicatrisation, ralentit le vieillissement cutané et protège la peau des dommages des UV.",,"Cosmétologie médicale, Hydratation",https://xenlaboratoires.com/product/hydra-24-rich-cream/
EstiCica,"Les bienfaits : EstiCica est un soin dermo-réparateur pour le traitement et la prévention des cicatrices (hypertrophiques, chéloïdes, ou hyperpigmentées) résultant de blessures, kystes, acné, césarienne, chirurgie mammaire ou autres. Il combine les avantages du gel de silicone et du Wonderlight pour offrir de meilleurs résultats dans le traitement et la prévention des cicatrices. Le gel de silicone aide à réparer la couche du derme qui a été endommagée par les cicatrices. Il permet également d’assouplir le tissu cicatriciel et de former une barrière protectrice sur celui-ci afin qu’il ne soit pas visible de l’extérieur. Cela permet d’éviter que la peau ne soit endommagée à l’avenir par des frottements ou des pressions, tout en conservant l’humidité à l’intérieur de celle-ci afin qu’elle puisse guérir plus rapidement. Wonderlight aide à éclaircir les taches sombres sur votre visage causées par des cicatrices ou des cicatrices d’acné. Il contient de la vitamine C, un antioxydant qui réduit l’inflammation de votre corps à l’origine des taches sombres sur votre visage.",,"Antiseptique et cicatrisation, Cosmétologie médicale",https://xenlaboratoires.com/product/esticica/
L Crispatus,"L. crispatus est un complément associant 1 milliard de Lactobacillus crispatus , pour restaurer la flore vaginale, et 15 mg de zinc bisglycinate , pour soutenir l’immunité. Il aide à rééquilibrer la flore intime , à renforcer la barrière naturelle et à prévenir les récidives d’infections vaginales .",,"Compléments alimentaires, Gynécologie",https://xenlaboratoires.com/product/l-crispatus/
KELA ZINC FORT 3,"Les bienfaits : KELA ZINC FORT 3 contient du zinc et des vitamines C, D3 et du sélénium. Il se présente sous la forme d’une boîte de 30 gélules vertes et de 30 gélules orange brique. KELA ZINC FORT 3  contient du : Zinc – Vitamine C – Vitamine D3 – Sélénium – Oméga 3 KELA ZINC FORT 3 est un complément alimentaire qui peut être utilisé comme adjuvant dans le processus de perte de poids tout en contribuant au métabolisme normal des macronutriments. KELA ZINC FORT 3 est recommandé en cas de carence en zinc, pour le maintien et le développement des cellules du système immunitaire inné et acquis, pour réduire la durée et la gravité des infections des voies respiratoires, dans le syndrome de détresse respiratoire, en réduisant l’inflammation pulmonaire et pour aider à maintenir les cheveux, les ongles, l’élasticité de la peau ainsi que la structure osseuse et musculaire.",,"Compléments alimentaires, Immunité",https://xenlaboratoires.com/product/kela-zinc-fort-3/
Vitamine A,"Les bienfaits : La crème dermique vitamine A 0.3% est recommandée pour apaise les irritations des strates épidermiques superficielles, consécutives à diverses agressions telles que ls conditions climatiques extrêmes, les interventions dermatologiques légères, ainsi que les traumatismes cutanés ponctuels notamment les plaies et les brulures superficielles. Cette formulation contribue également à lutter contre les problèmes associés au vieillissement cutanés en réduisant les rides, en régulant la pigmentation et en améliorant le teint.",,Dispositifs médicaux,https://xenlaboratoires.com/product/vitamine-a/
Vagi Germina,"Les bienfaits : Vagi germina est un dispositif médical, contenant 1 milliard de souche de l. crispatus. Cette bactérie bénéfique est présente naturellement dans le vagin et possède une forte capacitée d’adhérence à la paroi vaginale. Vagi germina apporte des lactobacilles en quantité importante pour recréer une véritable barrière au niveau de la muqueuse vaginale.",,Dispositifs médicaux,https://xenlaboratoires.com/product/vagi-germina/
KELA FER 120,"Les bienfaits : Kela fer 120 est un complément alimentaire composé de bisglycinate de fer chélaté avec de la vitamine C. Ce produit est recommandé aux adolescents pendant leur période de croissance, aux femmes enceintes ou allaitantes, en cas de règles abondantes et aux personnes qui adoptent un régime végétarien.",,"Compléments alimentaires, Vitamines et minéraux",https://xenlaboratoires.com/product/kela-fer-120/
KELA FER G,"Les bienfaits : Il est important de consommer suffisamment de fer pendant la grossesse et l’allaitement, mais c’est plus facile à dire qu’à faire. C’est pourquoi nous avons créé KELA FER G, un complément alimentaire qui fournit tous les nutriments dont vous avez besoin pour vous offrir une grossesse saine et un allaitement équilibré. KELA FER G est recommandé pour la supplémentation en fer, cuivre, zinc, vitamine C, vitamine B6, vitamine B9 et vitamine B12.",,"Compléments alimentaires, Vitamines et minéraux",https://xenlaboratoires.com/product/kela-fer-g/
NAUSEPA,"Les bienfaits : Les gélules NAUSEPA sont faciles à utiliser. Pour les femmes enceintes et allaitantes, il est recommandé de prendre 1 capsule 4 fois par jour avec un verre d’eau. Les gélules NAUSEPA doivent être utilisées avec prudence chez les personnes souffrant de calculs biliaires. Ne prenez jamais de gélules NAUSEPA si vous êtes allergique à la substance active. Ne pas dépasser la dose journalière recommandée. Conserver à une température ambiante inférieure à 30°C, dans un endroit sec et à l’abri de l’humidité. Tenir hors de portée et de vue des enfants.",,"Compléments alimentaires, Gynécologie",https://xenlaboratoires.com/product/nausepa/
HYDRA 24 LÉGÈRE SPF 20,"Les bienfaits : Hydra 24, crème hydratante qui peut être utilisée pour tous les types de peau. Elle procure 24 heures d’hydratation et protège contre les rayons UV (SPF 20). Elle est non grasse et sa texture fraîche laisse la peau infiniment confortable, douce et visiblement radieuse. En outre l’urée pure possède des propriétés d’hydratation intense, redonne souplesse et douceur à la peau et facilite le renouvellement des cellules cutanées. HYDRA 24 contribue également à améliorer les sensations de confort telles que les démangeaisons et les picotements en apaisant la peau.",,"Cosmétologie médicale, Peaux grasses, Peaux séches",https://xenlaboratoires.com/product/hydra-24-legere-spf-20/
Kela Mag Brain Sachets Buvables,"Complément buvable pour les fonctions cognitives, la fatigue mentale et le stress.",,"Compléments alimentaires, Neurologie",https://xenlaboratoires.com/product/kela-mag-brain-sachets-buvables/
Aprés Shampoing Q10,"Les bienfaits : L’après-shampooing Keratin Q10 est un produit riche en actifs hydratants, nourrissants et revitalisants qui offre une protection maximale contre les agressions quotidiennes telles que la pollution, les shampooings décapants, le calcaire, le brushing, la coloration et le brossage. Ce produit contient une formule à base de plusieurs matières bio-actives, notamment le beurre de karité, l’huile de macadamia, la kératine végétale, KERDYN HH, le coenzyme Q10, la vitamine F, la vitamine E, la céramide A2 et Hair Spa. En utilisant cet après-shampooing, vous pouvez vous attendre à une fibre capillaire lisse et souple, des cheveux protégés et renforcés, ainsi qu’une chevelure sublimée, redensifiée et brillante.",,"Cheveux sec abîmés, Cosmétologie médicale",https://xenlaboratoires.com/product/apres-shampoing-q10/
PILO SLOW CORPS,"Les bienfaits : Pilo Slow est une crème concentrée en actifs naturels, conçue pour réduire graduellement la croissance des poils disgracieux sur le visage et le corps. Avec une action inhibitrice de la repousse des poils, Pilo Slow est formulé pour rendre les poils pratiquement plus invisibles à chaque utilisation. La crème possède également une action anti-inflammatoire, hydratante et apaisante. Pilo Slow est indiqué pour l’hyperpilosité localisée idiopathique et comme traitement d’entretien après épilation au laser. Les résultats incluent une réduction de la densité pilaire, une diminution de la fréquence d’épilation nécessaire, une apparence plus fine, plus claire, plus douce et moins rigoureuse des poils, ainsi qu’une peau apaisée et hydratée.",,"Cosmétologie médicale, Hyperpilosité, Peaux grasses, Peaux séches",https://xenlaboratoires.com/product/pilo-slow-corps/
Dorzen Plus,"Les bienfaits : DORZEN PLUS se présente sous forme de boite de 30 gélules est un complément alimentaire qui aide à améliorer la qualité du sommeil et à réduire les troubles du sommeil. Il est formulé avec de la mélatonine, de la valériane et de la L-théanine, des ingrédients naturels connus connues pour leurs propriétés anxiolytiques et sédatives. La formule régule également l’horloge biologique et les cycles de sommeil afin que vous puissiez rétablir des habitudes de sommeil saines. Enfin, lorsque vous vous réveillez en vous sentant reposé et plein d’énergie, c’est un signe certain que votre corps a eu une bonne nuit de repos !",,"Compléments alimentaires, Neurologie",https://xenlaboratoires.com/product/dorzen-plus/
BI COVER 50+,"Les bienfaits : La Crème Ecran Teintée Bi Cover 50+ est une crème solaire teintée qui offre une haute protection contre les rayons UVA / UVB avec un indice de protection solaire SPF 50+. Elle est également enrichie en antioxydants et en actifs dépigmentants, ce qui la rend adaptée aux peaux sujettes à l’hyperpigmentation. Cette crème est également imperméable à l’eau et à la sueur, ce qui la rend idéale pour une utilisation en extérieur. La crème Ecran Teintée Bi Cover 50+ offre une double action en agissant comme une protection solaire efficace tout en fournissant une couvrance parfaite pour dissimuler les cernes et autres imperfections. Elle prévient également l’hyperpigmentation chez les peaux prédisposées. La texture légère de la crème la rend facile à appliquer",,"Cosmétologie médicale, Protection solaire",https://xenlaboratoires.com/product/bi-cover-50/
Kaleorid Xen,"Les bienfaits : Kaleorid xen est un complément alimentaire à base de chlorure de potassium, avec une teneur en potassium élémentaire représentant 25% d’AJR. Kaleorid xen est recommandé en cas de déficit en potassium (hypokaliémie), causé principalement par la prise de certains médicaments telque les diurétiques, les corticoïdes et tous les laxatifs stimulants…)",,"Compléments alimentaires, Gastrologie",https://xenlaboratoires.com/product/kaleorid-xen/
Intimel Ph8,"Les bienfaits : Intimel Ph8 est un gel moussant apaisant qui soulage rapidement les sensations d’inconfort et d’irritation. Sa formule unique et non agressive nettoie en douceur sans dessécher, permettant un retour rapide à l’équilibre de la zone intime. Composé d’ingrédients sélectionnés avec soin, ce gel contient du Bacocalmine, de l’Hydraprotectol, du Pirocton Olamin, de l’Aloe Vera, du Mimosa Tenuiflora et de l’Arctium Lappa pour une action réparatrice, protectrice et hydratante.",,"Cosmétologie médicale, Intimel",https://xenlaboratoires.com/product/intimel-ph8/
KELA FER 220 LIPO,Fer liposomal + vitamine C pour une absorption optimale et un soutien à la vitalité.,,"Compléments alimentaires, Gynécologie, Vitamines et minéraux",https://xenlaboratoires.com/product/kela-fer-220-lipo/
Forti Q10 shampoing,"Les bienfaits : Le Forti Q10 Shampooing est un produit stimulant et fortifiant pour les cheveux, spécialement conçu pour aider à prévenir la chute des cheveux et favoriser leur croissance. Il est formulé avec des ingrédients actifs tels que le Coenzyme Q10, les céramides et des extraits d’huiles essentielles de romarin et de lavande. Ces ingrédients travaillent en synergie pour améliorer la micro-circulation du cuir chevelu, fortifier les cheveux et stimuler la croissance des follicules pileux.",,"Chute cheveux, Cosmétologie médicale",https://xenlaboratoires.com/product/forti-q10-shampoing/
Clean LP Répulsif,"Les bienfaits : CLEAN LP Répulsif Poux et Lentes est un spray préventif naturel contre les poux. Il est conçu pour prévenir l’infestation du cuir chevelu en cas d’épidémie et peut être vaporisé chaque matin avant le départ à l’école sur les cheveux et les vêtements de votre enfant. Sa formule naturelle est sans insecticide neurotoxique et à base de géraniol, qui possède des propriétés répulsives et apaisantes pour le cuir chevelu. Le produit a une texture douce qui laisse les cheveux doux et brillants, avec un parfum frais qui convient aux enfants dès l’âge de 6 mois.",,"Antipoux, Cosmétologie médicale",https://xenlaboratoires.com/product/clean-lp-repulsif/
KELA CAL,"Les bienfaits : KELA CAL est un complément à base de calcium qui offre un meilleur taux d’absorption et de tolérance digestive. Il est composé de calcium chélaté par de l’acide malique, ce qui signifie qu’il est conçu pour être digéré facilement. Il est également hypoallergénique et sans gluten, et il n’interfère pas avec l’absorption d’autres minéraux comme le phosphore ou le magnésium. KELA CAL est recommandé pour la supplémentation en calcium des femmes enceintes ou qui prévoient de l’être, des fumeurs, des grands buveurs de thé et de café, des personnes souffrant de problèmes de thyroïde et des personnes suivant un régime pauvre en produits laitiers.",,"Compléments alimentaires, Vitamines et minéraux",https://xenlaboratoires.com/product/kela-cal/
PouxOff Spray Répulsif,"Les bienfaits : Le spray répulsif Pouxoff est un produit préventif naturel pour lutter contre les poux et les lentes. Sa formule est à base de géraniol aux propriétés répulsives et apaisantes pour le cuir chevelu. Sans insecticide neurotoxique, il peut être utilisé en toute sécurité chez les enfants dès l’âge de 6 mois.",,"Antipoux, Cosmétologie médicale",https://xenlaboratoires.com/product/pouxoff-spray-repulsif/
KELA MAG BRAIN,"Complément buvable pour les fonctions cognitives, la fatigue mentale et le stress.",,"Compléments alimentaires, Pédiatrie",https://xenlaboratoires.com/product/kela-mag-brain/
Carbodose 1000 Sirop,"Carbodose 1000 est un dispositif médical de classe Ila, sans sucre, préconisé pour soulager les symptômes des états dyspeptiques (digestion difficile, les spasmes digestifs, ballonnements et/ou émission de gaz). Il exerce une action combinée et ciblée grâce à ses actifs, à savoir: Le charbon végétal activé (1000 mg): Agit comme un très puissant adsorbant des gaz intestinaux. La siméticone: Intervient comme un véritable pansement sur les parois gastriques et intestinales. Elle adhère sur les muqueuses pour constituer un film protecteur et exerce un effet anti-flatulent en modifiant la tension superficielle des bulles de gaz, facilitant ainsi leur élimination. → L’extrait d’anis vert: Stimule les glandes digestives et exerce une action carminative (il favorise l’expulsion de gaz) et spasmolytique, aidant ainsi le corps à lutter contre les problèmes gastro-intestinaux, et à soulager les ballonnements et l’aérophagie. L’inuline: Participe à l’amélioration de la flore intestinale et d’où le transit intestinal, tout en diminuant le risque de constipation. Elle exerce aussi le rôle de transporteur d’une portion de charbon actif ingéré, vers le site d’action intestinal souhaité (le côlon).",,Dispositifs médicaux,https://xenlaboratoires.com/product/carbodose-1000-sirop/
Betaxidine Spray,"Benefits : Betaxidine spray est une solution antiseptique, anti inflammatoire et cicatrisante ; à base de chlorhexidine0.4% et de panthénol 0.5%.",,Dispositifs médicaux,https://xenlaboratoires.com/product/betaxidine-spray/
PILO SLOW VISAGE,"Les bienfaits : Pilo Slow est une crème qui contient des principes actifs 100% naturels et réduit la croissance des taches disgracieuses sur le visage et le corps, les rendant pratiquement invisibles à chaque application. Pilo Slow a également une action anti-inflammatoire, hydratante et apaisante. Pilo Slow contient de l’acide nordihydrogucurétique extrait de larrea divaritica, de la paimatine extraite de fibrauréa recisa vectorisée en microsphères. Pilo Slow vous permet de : Retarder la repousse des cheveux Réduire la densité du poil Permettre de s’épiler moins souvent Donner à vos cheveux un aspect plus fin, plus clair et plus doux. Apaiser et hydrater votre peau",,"Cosmétologie médicale, Hyperpilosité, Peaux grasses, Peaux séches",https://xenlaboratoires.com/product/pilo-slow-visage/
Chondrosamine Sachets Buvables,Les bienfaits : Chondrosamine est utilisé dans le soulagement de la douleur et la gêne fonctionnelle au cours de l’arthrose du genou et de la hanche. Il aide à réparer et à générer les cartilages des articulations. Il permet de réduire les douleurs articulaires et l’amélioration de la mobilité articulaire.,,"Compléments alimentaires, Orthopédie",https://xenlaboratoires.com/product/chondrosamine-sachets-buvables/
Dorzen,"Les bienfaits : Les troubles du sommeil peuvent entraîner de la fatigue, une somnolence diurne, des pertes de mémoire et des problèmes de concentration. DORZEN agit sur le sommeil, car il contient de la mélatonine à 1mg. La mélatonine induit un état naturel de somnolence et de relaxation. Dorzen resynchronise le cycle du sommeil. DORZEN est sans accoutumance, sans effet rebond, et ne présente aucune contre-indication avec d’autres médicaments ou conditions médicales.",,"Compléments alimentaires, Neurologie",https://xenlaboratoires.com/product/dorzen/
Veinorroid,"Les bienfaits : Veinorroid est un dispositif médical, une pommade rectale, sans conservateurs, contenant de l’acide hyaluronique, des extraits d’origines végétale et des huiles essentielles. Elle agit localement pour soulager les troubles hémorroïdaires et ses complications. Il recouvre et protège l’épiderme, il apaise la peau enflammée et les démangeaisons, favorisant ainsi la régénération cutanée. Il diminue le desséchement de la peau, contribuant de ce fait à la cicatrisation des lésions. Il proscrit chez les femmes enceintes et allaitantes e aux enfants moins de 18 ans. Il y a 2 présentations : -5 monodoses de 5 g -10monodoses de 5g.",,Dispositifs médicaux,https://xenlaboratoires.com/product/veinorroid/
Kela fer G lipo,"Les bienfaits : Kela fer GLipo est un complément alimentaire à base de bisglycinate de fer et d’oméga 3 et le complexe vitamine B (B1, B5, B6, B9, B12). Il est adapté aux besoins nutritionnels spécifiques de la femme dès son désir de concevoir un enfant, pendant la grossesse et jusqu’au premier trimestre de la période d’allaitement. Il apporte les nutriments requis pour un développement harmonieux du fœtus.",,"Compléments alimentaires, Gynécologie",https://xenlaboratoires.com/product/kela-fer-g-lipo/
KELA VITE ÉNERGIE,"Les bienfaits : KELA VITE ENERGY est préconisé pour traiter la fatigue physique et intellectuelle, l’anxiété et le stress, la faiblesse du système immunitaire et les carences en nutriments. Il est recommandé de consommer deux capsules par jour, espacées d’au moins deux heures du repas.",,"Compléments alimentaires, Vitamines et minéraux",https://xenlaboratoires.com/product/kela-vite-energie/
Fertilla Q10,"Les bienfaits : FERTILLA Q10 est conçu pour maintenir la qualité des ovules et favoriser la croissance des tissus maternels afin de garantir une reproduction normale. C’est un complément alimentaire pré-conceptionnel est composé d’un mélange de mayo-inositol, d’acide folique, de vitamines et de minéraux pour soutenir l’équilibre hormonal. Il ne contient ni sucres, ni édulcorants, ni additifs.",,"Cosmétologie médicale, Fertilité",https://xenlaboratoires.com/product/fertilla-q10/
AC NOZ ECRAN SPF 50+,"Les bienfaits : L’écran fluide teinté Ac-noZ 50+ est conçu pour les peaux à tendance acnéique, mixtes ou grasses. Il offre une haute protection contre les rayons UVA/UVB grâce à un système filtrant large spectre et photostable. En plus de protéger la peau, il régule la production de sébum, favorise le renouvellement cellulaire et agit comme un anti-inflammatoire. L’acide Nordihydroguairétique et l’acide oléanolique sont des ingrédients clés qui agissent sur la régulation de la production de sébum et la réduction de l’inflammation. L’innovation VENUCEANE, un puissant antioxydant activé par la lumière et la chaleur, protège également la peau contre les dommages des UV. La texture légère et non grasse du produit permet une application facile et rapide, tout en matifiant et unifiant le teint. La formule contient des ingrédients comme le dexpanthénol, la vitamine E et la vitamine A, qui sont bénéfiques pour la peau.",,"Cosmétologie médicale, Peaux grasses, Protection solaire",https://xenlaboratoires.com/product/ac-noz-ecran-spf-50/
CB3-Mousse micellaire-peau sèches,"Les bienfaits : La CB3 Défense Mousse Micellaire Nettoyante pour Peaux Sèches est un produit de nettoyage doux et nourrissant pour la peau. Sa formule sans savon et sa texture mousse onctueuse laissent la peau parfaitement nette, fraîche et douce. CB3-MOUSSE MICELLAIRE-PEAU SÈCHES, contient de l’aloé véra, de la niacinamide et de la vitamine C stabilisée, qui nourrissent et protègent la peau des agressions extérieures tout en éliminant en douceur les impuretés et le maquillage.",,"Cosmétologie médicale, Peaux séches",https://xenlaboratoires.com/product/cb3-mousse-micellaire-peau-seches/
Adolor Crème-gel,"Les bienfaits : ADOLOR est une crème-gel anti-douleur qui a été conçue pour soulager rapidement les douleurs musculaires, articulaires et post-traumatiques. Cette crème-gel contient des ingrédients anti-inflammatoires, antalgiques, anti-raideurs et myorelaxantes pour un soulagement rapide et efficace de la douleur. ADOLOR est indiqué pour le traitement des douleurs musculaires, des douleurs articulaires et des douleurs post-traumatiques. ADOLOR contient les ingrédients actifs suivants : salicylate de méthyle, menthol cristallisé, harpagophytum et une combinaison d’huiles essentielles comprenant de l’huile essentielle de romarin à cinéole, de l’huile essentielle de giroflier, de l’huile essentielle de lavande et de l’huile essentielle de verveine exotique.",,"Compléments alimentaires, Orthopédie",https://xenlaboratoires.com/product/adolor-creme-gel/
ENEMACOL,"Dispositif médical contre la constipation, à base de glycérol, huile de paraffine et extraits naturels.",,Dispositifs médicaux,https://xenlaboratoires.com/product/enemacol/
Carbodose 1000 Sachets Buvables,"Carbodose 1000 est un dispositif médical de classe Ila, sans sucre, préconisé pour soulager les symptômes des états dyspeptiques (digestion difficile, les spasmes digestifs, ballonnements et/ou émission de gaz). Il exerce une action combinée et ciblée grâce à ses actifs, à savoir: Le charbon végétal activé (1000 mg): Agit comme un très puissant adsorbant des gaz intestinaux. La siméticone: Intervient comme un véritable pansement sur les parois gastriques et intestinales. Elle adhère sur les muqueuses pour constituer un film protecteur et exerce un effet anti-flatulent en modifiant la tension superficielle des bulles de gaz, facilitant ainsi leur élimination. L’extrait d’anis vert: Stimule les glandes digestives et exerce une action carminative (il favorise l’expulsion de gaz) et spasmolytique, aidant ainsi le corps à lutter contre les problèmes gastro-intestinaux, et à soulager les ballonnements et l’aérophagie. L’inuline: Participe à l’amélioration de la flore intestinale et d’où le transit intestinal, tout en diminuant le risque de constipation. Elle exerce aussi le rôle de transporteur d’une portion de charbon actif ingéré, vers le site d’action intestinal souhaité (le côlon).",,Dispositifs médicaux,https://xenlaboratoires.com/product/carbodose-1000-sachets-buvables/
Xylase Sirop,"Les bienfaits : Xylase est un complément alimentaire à base de papaïne, enzyme protéolytique extraite du fruit cru la papaye, possédant des propriétés antiinflammatoires et antiseptiques, dosés 40 000USP-U/mL.",,"Compléments alimentaires, Pédiatrie",https://xenlaboratoires.com/product/xylase-sirop/
Fertillo DNA,Les bienfaits : Fertillo DNA est un clément alimentaire riche de 12 micronutriments spécifiquement formulé pour couvrir les besoins nutritionnels des hommes désirant avoir un enfant. Sa formulation optimisée et ciblée a un impact direct sur la fertilité masculine en garantissant des conditions optimales pour une spermatogénèse normale te saine.,,"Cosmétologie médicale, Fertilité",https://xenlaboratoires.com/product/fertillo-dna/
Xylase,"Les bienfaits : Xylase est un complément alimentaire à base de papaïne, enzyme protéolytique extraite du fruit cru la papaye, possédant des propriétés antiinflammatoires et antiseptiques, dosés 400 000USP-U/gélule.",,"Compléments alimentaires, Immunité",https://xenlaboratoires.com/product/xylase/
Pelli Q10 grasses shampoing,"Les bienfaits : Le shampooing traitant Pelli Q10 est spécialement conçu pour traiter les pellicules grasses sans utiliser de sulfates ni de sodium. Enrichi en extraits de camomille, d’arnica et de thé vert, ce shampooing anti-pelliculaire est également micro-exfoliant et anti-démangeaisons. Il désincruste efficacement les pellicules tout en normalisant la production de sébum, ce qui aide à maintenir le cuir chevelu propre et sain. Sa formule unique contient également des ingrédients apaisants qui soulagent les irritations et les démangeaisons. La composition de Pelli Q10 est faite d’ingrédients de qualité, tels que l’extrait de camomille, d’arnica, de thé vert, de céramide A2, d’hydrolyzed collagen et de kératoline, qui renforcent la fibre capillaire tout en nettoyant en douceur. Le shampooing contient également des ingrédients naturels qui contribuent à améliorer la santé globale du cuir chevelu.",,"Anti pelliculaire, Cosmétologie médicale",https://xenlaboratoires.com/product/pelli-q10-grasses-shampoing/
CLEAN LP ASSAINISSANTE,"Les bienfaits : La lotion Clean LP est un traitement efficace et doux pour éliminer les poux et les lentes. Sa formule à base de diméticone à 70% assure une action rapide et radicale, tout en étant bien tolérée pour une utilisation sur les enfants à partir de 6 mois, car elle ne contient ni insecticides, ni parfums, ni alcool. Clean LP Lotion assainissante exerce une double action physique, elle étouffe et déshydrate les poux et les lentes. Sa formule se fixe sur les orifices respiratoires des parasites, les étouffe, les déshydrate et les tue en seulement 25 minutes.",,"Antipoux, Cosmétologie médicale",https://xenlaboratoires.com/product/clean-lp-assainissante/
Vagi,"Les bienfaits : Vagi germina est un dispositif médical, contenant 1 milliard de souche de l. crispatus. Cette bactérie bénéfique est présente naturellement dans le vagin et possède une forte capacitée d’adhérence à la paroi vaginale. Vagi germina apporte des lactobacilles en quantité importante pour recréer une véritable barrière au niveau de la muqueuse vaginale.",,Dispositifs médicaux,https://xenlaboratoires.com/product/vagi/
Fertillo Q10,"Les bienfaits : FERTILLO Q10 agit pour favoriser la fertilité et la production de sperme. Les ingrédients contenus dans le produit, notamment : La vitamine E, L’acide folique, Le coenzyme Q10, Les oligo-éléments zinc et sélénium, Les acides aminés L-arginine et L-carnitine, Les antioxydants bêta-carotène,",,"Cosmétologie médicale, Fertilité",https://xenlaboratoires.com/product/fertillo-q10/
keratin Q10 shampoing,"Les bienfaits : Le Kératin Q10 Shampooing est un soin réparateur conçu pour les cheveux fragiles et secs. Sa formule est sans sulfates ni sodium afin de respecter la structure des cheveux. Les laboratoires Xen ont travaillé en collaboration avec Sederma France pour créer une formule unique qui associe trois ingrédients puissants : la kératine végétale, le céramide et la coenzyme Q10. La kératine végétale, un combleur d’excellence de la fibre capillaire, permet de renforcer et réparer les cheveux abîmés. Le céramide, quant à lui, joue le rôle de véritable ciment intercellulaire qui maintient la cohésion des cellules capillaires et renforce la structure des cheveux. Enfin, la coenzyme Q10, un antiradicalaire, agit pour protéger les cheveux des agressions externes et stimule la racine des cheveux pour activer la production de deux kératines qui diminuent avec l’âge. Le Kératin Q10 Shampooing nettoie en douceur les cheveux fragiles et secs tout en réparant les cheveux défrisés, subis, cassants et ternes. Il est également recommandé pour l’entretien des cheveux ayant effectué un lissage à la kératine.",,"Cheveux sec abîmés, Cosmétologie médicale",https://xenlaboratoires.com/product/keratin-q10-shampoing/
Pouxoff lotion Enfants,"Les bienfaits : La lotion Assainissante PoUxOff est un produit qui élimine radicalement les poux et les lentes, et qui a une action express. Il s’attaque à la fois aux poux et aux lentes, se fixe sur les orifices respiratoires des parasites, les étouffe, les déshydrate et les tue. Il éradique en 25 minutes seulement, 100% des parasites. La formule est bien tolérée et peut être utilisée sur les enfants à partir de 6 mois. La lotion désinfectante PoUxOff a une formule non grasse qui se rince facilement et ne contient ni insecticides, ni parfums, ni alcool.",,"Antipoux, Cosmétologie médicale",https://xenlaboratoires.com/product/pouxoff-lotion-enfants/
Ultra germina B30,"Les bienfaits : Ultra Germina est un probiotique qui aide à maintenir l’équilibre du microbiote intestinal. Grâce à sa composition unique de quatre souches bactériennes bénéfiques, il favorise la digestion et prévient les troubles digestifs tels que la diarrhée, la constipation et les ballonnements. Le complément alimentaire, Ultra Germina est également efficace pour soulager les symptômes de l’intestin irritable, des maladies inflammatoires chroniques de l’intestin et de la stéatose hépatique.",,"Compléments alimentaires, Gastrologie",https://xenlaboratoires.com/product/ultra-germina-b30/
INOPK,"Les bienfaits : INOPK est un complément alimentaire qui peut aider les femmes souffrant de SOPK. Il contient du mayo-inositol, qui contribue à réduire la résistance à l’insuline et l’hyperandrogénie tout en améliorant la qualité des ovocytes, la croissance folliculaire et l’ovulation. Par ces actions, le mayo-inositol serait bénéfique pour la fertilité. INOPK contient également de la vitamine B9, qui contribue à réduire le taux d’homocystéine (acides aminés essentiels à la croissance cellulaire), souvent trop élevé et qui aggrave les symptômes du SOPK.",,"Compléments alimentaires, Ovaires polykystiques",https://xenlaboratoires.com/product/inopk/
Kelaplex Nerv,"Les bienfaits : Kelaplex Nerv est recommandé en cas de douleurs neuropathies périphériques. Il est un puissant antioxydant physiologique qui contribue à réduire les conséquences des radicaux libres, il soutient également l’intégrité des nerfs périphériques et le maintien de la structure et la fonction normale du foie. Il participe au maintien de la fonction synaptique cérébrale en favorisant la synthèse des phospholipides. Il améliore l’état général, moins de fatigue et de stress. Il assure une meilleure qualité de vie.",,"Compléments alimentaires, Neurologie",https://xenlaboratoires.com/product/kelaplex-nerv/
POPI-R Déstress,"Les bienfaits : Le POPI-R déstress est une solution recommandée pour les paupières sensibles et irritables, qui permet de lutter contre la fatigue de la peau. Grâce à l’extrait d’Euglène, une micro-algue unicellulaire qui dynamise la cellule chronobiologique, la peau est tonifiée et raffermie, tandis que les marques de fatigue sont estompées. De plus, l’extrait de cyprès et d’arnica active la microcirculation et renforce les parois veineuses, tandis que la Bacopa Monniera offre une protection anti-radicalaire, protégeant la peau contre les agressions externes telles que les UV et la pollution, ainsi que les facteurs internes de stress oxydatif tels que la fatigue et le stress. Le POPI-R déstress contribue à apaiser le contour de l’œil, offrant un regard plus frais et reposé, en atténuant les poches et les cernes, tout en renforçant la résistance de la peau face à la fatigue.",,"Contour des yeux, Cosmétologie médicale",https://xenlaboratoires.com/product/popi-r-destress/
KELA MAG FORT,"Les bienfaits : La posologie recommandée est d’une capsule par jour, avec de l’eau ou du jus. Ce complément alimentaire doit être utilisé en respectant les précautions suivantes : – Ne pas dépasser la dose journalière recommandée. – Tenir hors de portée des enfants. – En cas d’hypersensibilité à l’un des composants, ne pas consommer ce produit. En cas d’insuffisance rénale sévère (clairance de la créatinine inférieure à 30 ml/min), consultez votre médecin avant d’utiliser ce produit.",,"Compléments alimentaires, Neurologie, Vitamines et minéraux",https://xenlaboratoires.com/product/kela-mag-fort/
KELA FER 70,"Les bienfaits : KELA FER 70 est un complément alimentaire recommandé notamment aux adolescents en période de croissance, aux femmes enceintes ou allaitantes et aux personnes suivant un régime végétarien. Il contient du fer bisglycinate chélaté et des vitamines C.",,"Compléments alimentaires, Vitamines et minéraux",https://xenlaboratoires.com/product/kela-fer-70/
Hydra 24 légère,"Les bienfaits : HYDRA 24 – Crème légère est une crème hydratante conçue pour les peaux sensibles normales à mixtes. Cette crème hydrate la peau pendant 24 heures en profondeur, apaise les sensations d’inconfort et améliore le confort des peaux sensibles. La crème est formulée avec de l’Urée Pure, qui possède des propriétés hydratantes intenses, redonne souplesse et douceur à la peau, facilite le renouvellement des cellules de la peau, du MOIST 24, qui hydrate la peau tout au long de la journée, de l’HYDRAPROTECTOL, qui assure une hydratation immédiate des couches superficielles et une hydratation en profondeur en renforçant la barrière cutanée, du PACIFEEL, qui hydrate la peau et soulage des sensations d’inconfort, et des filtres solaires SPF 20 pour protéger contre les rayons UV. Le complexe multivitamines (vitamines A, E, F et provitamine B5) hydrate la peau, possède une action anti-inflammatoire et apaisante, facilite la réparation des cellules et des tissus, accélère la cicatrisation, ralentit le vieillissement cutané, protège la peau des dommages des UV et prévient la formation des rides.",,"Cosmétologie médicale, Hydratation, Peaux grasses",https://xenlaboratoires.com/product/hydra-24-legere/
K Citril,"Les bienfaits : K citril est un complément alimentaire a base de citrate de potassium, citrate de sodium et acide citrique. Grâce à son effet alcalinisant, il sert à diminuer l’acidité des urines, ce qui aide à dissoudre et à prévenir la formation des cristaux d’acide urique ou de cystine.",,"Calculs urinaires, Compléments alimentaires",https://xenlaboratoires.com/product/k-citril/
Gastro germina B15,"Les bienfaits : Le complément alimentaire « Notice Gastro germina » est composé de lactobacillus Reuteri, d’extrait de racine de pissenlit et de lithothamne. Il est disponible en deux présentations: Boîte de 7 gélules et boîte de 15 gélules. Ce produit est utile pour améliorer l’équilibre du microbiote gastro-intestinal, régulariser l’acidité gastrique, soulager les troubles digestifs aigus et équilibrer la flore intestinale perturbée. Il est recommandé de prendre une gélule par jour, de préférence au moment des repas, pendant 7 à 15 jours.",,"Compléments alimentaires, Gastrologie",https://xenlaboratoires.com/product/gastro-germina-b15/
Ac-noz Gel Nettoyant – 200 ml,"Les bienfaits : Ac-noZ Gel nettoyant est un nettoyant pour le visage sans savon, conçu pour nettoyer en douceur et purifier la peau tout en régulant la sécrétion de sébum. Sa formule enrichie en extraits naturels agit en profondeur pour éliminer les impuretés et assainir l’épiderme. Ac-noZ Gel nettoyant : Nettoie en douceur tout en purifiant la peau Régule la sécrétion de sébum pour une peau plus saine et équilibrée Formule enrichie en extraits naturels pour des résultats optimaux Sans savon pour éviter de dessécher la peau Convient à tous les types de peau",,"Cosmétologie médicale, Peaux grasses, Traitement de l’acné",https://xenlaboratoires.com/product/ac-noz-gel-nettoyant-200-ml/
TRIO B,"Les bienfaits : Trio B est un complément alimentaire présenté sous forme de gélules. Il est utilisé pour prévenir les symptômes liés à la carence en vitamine B1, vitamine B6 et vitamine B12, causée par une alimentation insuffisante ou une malabsorption des nutriments, en particulier chez les personnes âgées. Trio B assure un métabolisme énergétique normal. Une prévention du bon fonctionnement des systèmes nerveux et immunitaires. Une régulation de l’équilibre hormonal. Un renouvellement des cellules, des cheveux, des ongles et de la peau. Il se présente sou forme de boite de 30gélules",,"Compléments alimentaires, Vitamines et minéraux",https://xenlaboratoires.com/product/trio-b/
BIO PEEL MASQUE,"Les bienfaits : BioPeel Masque est un peeling biologique doux qui offre une action exfoliante, anti-iritante, hydratante intense et éclaircissante. Ce masque accélère la dépigmentation de toutes les taches brunes grâce à la synergie d’action de la kératoline et de la poudre de cône d’humulus lupus. Les principes actifs de BioPeel Masque comprennent la kératoline, une enzyme qui digère les protéines et libère les cellules mortes présentes à la surface de la peau, offrant ainsi un peeling enzymatique doux, non agressif, sans effets irritants. Le Wonderlight, une poudre de cône humulus lupus qui inhibe la synthèse de la mélanine, et le Bacocalmine, un extrait naturel de bacopa Monniera, calme les irritations et l’inflammation, protègent également la peau de l’attaque radicalaire et de l’oxydation. L’acide trihydroxypalmitique associé au biofiltrat de lactobacillus casei agissent en synergie et procurent à la peau une hydratation aussi bien profonde et durable que superficielle et immédiate.",,"Cosmétologie médicale, Peaux grasses, Peaux séches, Peeling biologique",https://xenlaboratoires.com/product/bio-peel-masque/
Oil Replacement Q10,"Les bienfaits : L’huile de remplacement Q10 est une crème huileuse à la texture légère et onctueuse. Grâce à sa composition riche en huiles naturelles régénérantes, des vitamines et de la kératine végétale, il offre une cure pour les cheveux secs, abîmés et cassants. Sa formule hautement nutritive, réparatrice, assouplissante et hydratante aide à contrôler les frisottis et protéger les racines et les pointes tout en rendant les cheveux plus souples et plus faciles à coiffer. OIL REPLACEMENT Q10 est composée de plusieurs matières bio-actives, notamment la kératine végétale, l’huile de pépins de raisin, l’huile de macadamia, le coenzyme Q10, le Keradyn HH, la vitamine F, la vitamine E, le panthénol et la céramide A2.",,"Cheveux sec abîmés, Cosmétologie médicale",https://xenlaboratoires.com/product/oil-replacement-q10/
KELA PLEX,"Les bienfaits : KELA PLEX complément alimentaire myorelaxant, peut être utilisé comme traitement d’appoint des contractures musculaires douloureuses. KELA PLEX contient du bisglycinate de magnésium, du citrate de potassium, de l’uridine monophosphate, de la taurine, de la vitamine B12 et de la vitamine B9.",,"Compléments alimentaires, Orthopédie",https://xenlaboratoires.com/product/kela-plex/
Pouxoff lotion Adultes,"Les bienfaits : PouxOff Lotion assainissante est un traitement efficace contre les poux et les lentes qui exerce une double action physique en étouffant et déshydratant les parasites. Elle agit rapidement et éradique les parasites en seulement 25 minutes. Cette lotion est bien tolérée et convient même aux enfants à partir de 6 mois. Elle est douce pour les cheveux et la peau et ne contient ni insecticides, ni parfums, ni alcool. PouxOff Lotion assainissante est composée de polydiméthylcyclosiloxane, d’isopropylpalmitate et de diméticone.",,"Antipoux, Cosmétologie médicale",https://xenlaboratoires.com/product/pouxoff-lotion-adultes/
Ac-noz Soin Correcteur,"Les bienfaits : Ac-noZ est un soin correcteur 100% d’origine naturelle, enrichi en extraits naturels, qui lutte contre tous les phénomènes de brillance, de boutons, de points noirs et d’inflammation, et prévient les manifestations propres aux peaux grasses et à tendance acnéique. Sa formule innovante contient des principes actifs naturels (l’acide nordihydroguairé, l’acide oléanolique, la lactoferrine et la lacténine) qui régulent la séborrhée, réduisent l’inflammation et combattent les bactéries responsables de l’acné, pour une peau plus saine et équilibrée. En outre, il resserre les pores, unifie le grain de peau et matifie la peau, pour une apparence plus claire.",,"Cosmétologie médicale, Peaux grasses, Traitement de l’acné",https://xenlaboratoires.com/product/ac-noz-soin-correcteur/
Intimel Ph5,"Les bienfaits : Intimel PH5 est un nettoyant doux spécialement formulé pour préserver l’équilibre de la flore intime féminine. Grâce à son complexe lavant non agressif, il nettoie en douceur sans dessécher la peau. Sa formule au pH physiologique respecte l’intimité des femmes, leur évitant ainsi tout risque d’irritation ou d’infection. Les bienfaits d’Intimel PH5 sont multiples : une hygiène intime optimale, une sensation de fraîcheur et de propreté tout au long de la journée et une réduction significative du risque d’inconforts intimes.",,"Cosmétologie médicale, Intimel",https://xenlaboratoires.com/product/intimel-ph5/
4 Folic,"4 FOLIC est un complément alimentaire à base de Quatrefolic® , une forme de vitamine B9 hautement biodisponible . Elle contribue à prévenir les anomalies du tube neural chez le fœtus, soutient la croissance des tissus maternels pendant la grossesse, et participe à la division cellulaire . Quatrefolic® aide aussi à maintenir les fonctions psychologiques et à préserver la cognition avec l’âge.",,"Compléments alimentaires, Gynécologie",https://xenlaboratoires.com/product/4-folic/
Vita Croc,"Les bienfaits : Vita croc, une boite de 20 comprimés à croquer. Le comprimé de vitacroc est à 300mg de vitamine C. Facile à consommer, il est recommandé pour garder la forme et améliorer votre bien-être, VITA CROC, aide à réduire la fatigue, soutient le fonctionnement normal du système immunitaire et protège les cellules du stress oxydatif. Ce complément alimentaire stimule la production d’énergie et améliore les mécanismes de défense.",,"Compléments alimentaires, Immunité",https://xenlaboratoires.com/product/vita-croc/
Pelli Q10 Séches shampoing,"Les bienfaits : Il est recommandé de laisser poser le shampooing pendant 5 minutes lors de la première application, puis de masser et de rincer les applications suivantes. Il est important d’éviter tout contact avec les yeux et la peau endommagée. Utilisez PELLI Q10 dans le cadre de votre routine quotidienne de soins de la peau.",,"Anti pelliculaire, Cosmétologie médicale",https://xenlaboratoires.com/product/pelli-q10-seches-shampoing/
Chondrosamine Comprimé,"DANS QUELS CAS UTILISER CE COMPLEMENT ALIMENTAIRE ? Chondrosamine est utilisé pour le Soulagement de la douleur et de la gêne fonctionnelle au cours de l’arthrose du genou et de la hanche. – Sulfate de Glucosamine: Aide à réparer et à régénérer les cartilages des articulations. Elle contribue à diminuer progressivement les inconforts. – Chondroitine Sulfate: Aide à réduire des douleurs articulaires et à améliorer de la mobilité articulaire. – MSM: Est une solution qui permet de retrouver un confort articulaire, pour les personnes souffrant d’arthtrose. – Acide Hyaluronique: Aide à Lubrifier et protéger les cartilages chez les sportifs, soulager les douleurs articulaires associées à l’arthrose.",,"Compléments alimentaires, Orthopédie",https://xenlaboratoires.com/product/chondrosamine-comprime/
Forti Q 10 – Lotion,"Les bienfaits : La Forti Q10 une lotion capillaire, c’est une solution naturelle et efficace pour les personnes souffrant de perte de cheveux et qui cherchent à renforcer leurs cheveux et stimuler leur croissance. Cette solution cible les principales causes de l’alopécie, telles que la micro-circulation, l’atrophie du follicule, la dihydrotestostérone, le vieillissement folliculaire et d’autres facteurs qui affectent la santé et la croissance des cheveux. Composée d’une forte concentration d’actifs naturels soigneusement sélectionnés, cette lotion agit de manière complémentaire et synergique pour renforcer les cheveux, stimuler leur croissance et réduire la chute des cheveux. Elle contient des ingrédients actifs tels que l’acide oléanolique, l’apigénine et le biotinyl-GHK, qui agissent en harmonie pour améliorer la micro-circulation, stimuler le métabolisme cellulaire, inhiber la production de dihydrotestostérone et renforcer la structure du cheveu.",,"Chute cheveux, Cosmétologie médicale",https://xenlaboratoires.com/product/forti-q-10-lotion/
Sérum Kératin Q10,"Les bienfaits : Le sérum gainant SPF 30 Kératin Q10 est spécialement conçu pour les cheveux matures, cassants et dévitalisés qui nécessitent un soin et une protection supplémentaires. Il est formulé avec des actifs tels que la céramide A2, la kératine végétale et la coenzyme Q10, qui aident à renforcer la structure cellulaire du cheveu et l’actif SPF 30 aide à le protéger contre les agressions extérieures telles que le soleil, le vent, le chlore et le sel. Enfin, le SÉRUM KÉRATIN Q10, est idéal pour refermer les écailles et gainer la fibre capillaire, pour des cheveux plus lisses et plus forts.",,"Cheveux sec abîmés, Cosmétologie médicale",https://xenlaboratoires.com/product/serum-keratin-q10/
